{"average batch loss": 76073.671875, "best previous evaluaion rmse": 274037.4430825297, "_runtime": 346, "_timestamp": 1645096054, "_step": 34, "_wandb": {"runtime": 355}}