{"average batch loss": 5392.748046875, "best previous evaluaion rmse": 77349.12307811613, "_runtime": 521, "_timestamp": 1645103576, "_step": 199, "_wandb": {"runtime": 522}}