{"average batch loss": 5323.54248046875, "best previous evaluaion rmse": 76919.29562150159, "_runtime": 421, "_timestamp": 1645101482, "_step": 199, "_wandb": {"runtime": 423}}