{"average batch loss": 358.0604248046875, "best previous evaluaion rmse": 36848.62524550878, "_runtime": 475, "_timestamp": 1645100843, "_step": 199, "_wandb": {"runtime": 476}}