{"average batch loss": 204.1866912841797, "best previous evaluaion rmse": 24146.307479642725, "_runtime": 1043, "_timestamp": 1645100226, "_step": 199, "_wandb": {"runtime": 1043}}