{"average batch loss": 0.09185456484556198, "best previous evaluaion rmse": 1509795.3903975114, "_runtime": 59, "_timestamp": 1643969460, "_step": 0, "_wandb": {"runtime": 67}}