{"average batch loss": 3615.64892578125, "best previous evaluaion rmse": 59931.07878044687, "_runtime": 69, "_timestamp": 1645100313, "_step": 12, "_wandb": {"runtime": 73}}