{"average batch loss": 5.902294287807308e-05, "best previous evaluaion rmse": 53751.259163078656, "_runtime": 24992, "_timestamp": 1643745638, "_step": 99, "_wandb": {"runtime": 24990}}