{"average batch loss": 0.0004096767515875399, "best previous evaluaion rmse": 45688.351681143016, "_runtime": 8233, "_timestamp": 1643728879, "_step": 31}