{"average batch loss": 679.6449584960938, "best previous evaluaion rmse": 388781.717280466, "_runtime": 52567, "_timestamp": 1644022424, "_step": 199, "_wandb": {"runtime": 52568}}