{"average batch loss": 13369.03125, "best previous evaluaion rmse": 115479.0686537588, "_runtime": 1712, "_timestamp": 1645097787, "_step": 199, "_wandb": {"runtime": 1714}}