{"average batch loss": 0.0009654996683821082, "best previous evaluaion rmse": 44559.67052676777, "_runtime": 7180, "_timestamp": 1643720358, "_step": 27, "_wandb": {"runtime": 7324}}