{"average batch loss": 260.8619384765625, "best previous evaluaion rmse": 690545.7964223588, "_runtime": 49763, "_timestamp": 1644387104, "_step": 199, "_wandb": {"runtime": 49764}}